,USD,USD,EUR,USD,EUR,USD,USD,,
Date,MSCI World,MSCI EM,ICE BofA Euro Corp,ICE BofA US Corp,ICE BofA Euro Gov,ICE BofA Trsry,Bloomberg Commodity,EUR,1M Euribor
28/02/2023,12664.791,2542.233,276.189,3053.509,664.49,1600.104,108.0394,1.0712,2.374
31/01/2023,12532.085,2584.23,276.945,3104.173,668.974,1625.561,111.8001,1.0862,2.177
31/12/2022,11700.992,2394.898,271.49,2987.967,655.456,1584.457,112.8052,1.0702,1.884
30/11/2022,12215.106,2427.707,275.948,2994.31,684.336,1592.807,116.0528,1.0405,1.512
31/10/2022,11415.734,2113.859,268.46,2853.965,668.417,1549.233,113.3532,0.9883,1.253
30/09/2022,10648.163,2181.297,267.952,2886.143,667.03,1573.176,111.4887,0.9799,0.679
31/08/2022,11734.161,2469.584,277.592,3047.929,694.012,1634.487,121.6412,1.0057,0.23
31/07/2022,12241.14,2458.399,289.889,3130.929,731.96,1678.244,121.827,1.0218,-0.071
30/06/2022,11337.724,2462.385,277.035,3041.568,703.285,1651.035,117.0482,1.0482,-0.508
31/05/2022,12408.09,2635.333,286.861,3114.774,716.348,1663.075,131.343,1.0733,-0.546
30/04/2022,12389.189,2623.127,290.59,3097.87,729.917,1661.957,129.4827,1.0541,-0.538
31/03/2022,13505.741,2777.192,298.878,3260.28,758.695,1717.129,124.4109,1.1065,-0.532
28/02/2022,13137.034,2840.359,303.093,3348.654,777.071,1770.336,114.5522,1.1219,-0.551
31/01/2022,13473.435,2927.511,311.328,3423.313,792.412,1783.88,107.8627,1.1233,-0.567
31/12/2021,14223.137,2983.766,315.478,3533.734,801.45,1818.179,99.1694,1.1368,-0.583
30/11/2021,13636.233,2927.423,315.921,3539.802,814.208,1828.603,95.7976,1.1336,-0.57
31/10/2021,13936.992,3051.526,315.364,3536.237,800.417,1812.298,103.3578,1.1561,-0.557
30/09/2021,13186.527,3021.283,317.6,3527.753,805.239,1811.899,100.7581,1.1581,-0.563
31/08/2021,13751.461,3145.169,319.723,3565.437,815.059,1833.933,95.9859,1.1807,-0.554
31/07/2021,13413.45,3064.004,321.018,3572.435,819.842,1836.715,96.2754,1.187,-0.556
30/06/2021,13174.25099,3283.023,317.359,3529.816,805.079,1812.521,94.5412,1.1855,-0.569
31/05/2021,12976.578,3276.27,316.009,3472.017,801.411,1796.909,92.8252,1.2225,-0.563
30/04/2021,12784.973,3201.29,316.469,3447.811,801.719,1791.576,90.361,1.2018,-0.556
31/03/2021,12211.116,3123.11,316.467,3407.268,810.511,1776.644,83.4445,1.1728,-0.556
28/02/2021,11811.31,3170.208,315.821,3453.896,809.134,1799.23,85.2778,1.2074,-0.547
31/01/2021,11512.425,3145.973,318.316,3523.781,824.766,1841.33,80.0981,1.2136,-0.571
31/12/2020,11625.199,3051.617,318.733,3567.627,829.712,1862.427,78.0543,1.2213,-0.554
30/11/2020,11148.6,2841.391,318.258,3550.186,828.746,1867.707,74.3612,1.1928,-0.551
31/10/2020,9881.076,2600.7,315.046,3457.925,827.521,1860.524,71.8436,1.1647,-0.548
30/09/2020,10191.079,2547.815,312.632,3463.945,819.681,1879.597,70.8516,1.1718,-0.529
31/08/2020,10550.972,2588.733,311.523,3473.12,808.243,1876.126,73.315,1.1936,-0.522
31/07/2020,9886.493,2532.135,311.134,3513.671,814.598,1898.944,68.6767,1.1774,-0.51
30/06/2020,9432.107,2322.513,306.558,3406.346,805.974,1876.212,64.9762,1.1231,-0.51
31/05/2020,9185.249,2162.436,302.601,3338.723,798.048,1873.963,63.5353,1.1098,-0.482
30/04/2020,8756.465,2145.501,302.087,3281.685,795.631,1879.967,60.8983,1.0955,-0.46
31/03/2020,7890.181,1965.162,291.723,3117.324,792.167,1872.378,61.8577,1.1029,-0.423
29/02/2020,9086.788,2322.259,312.913,3368.462,813.419,1813.083,70.9799,1.1025,-0.488
31/01/2020,9921.109,2451.389,314.048,3326.213,809.903,1765.039,74.8374,1.1093,-0.454
31/12/2019,9979.034,2571.142,310.517,3249.023,790.618,1720.909,80.8871,1.121,-0.438
30/11/2019,9685.175,2391.173,310.631,3238.82,797.789,1731.469,77.1108,1.1015,-0.437
31/10/2019,9418.381,2394.31,311.386,3231.817,805.36,1736.922,79.2367,1.115,-0.437
30/09/2019,9182.168,2297.199,311.962,3212.171,814.208,1736.389,77.7797,1.0898,-0.457
31/08/2019,8986.644,2253.439,314.327,3232.08,817.526,1752.107,77.0044,1.0989,-0.427
31/07/2019,9169.816,2368.229,312.164,3136.922,797.778,1692.09,78.9631,1.1074,-0.392
30/06/2019,9122.09,2395.537,307.871,3115.836,784.53,1693.65,79.653,1.1368,-0.388
31/05/2019,8554.772,2253.09,303.217,3046.434,766.946,1678.299,77.7043,1.1167,-0.378
30/04/2019,9069.951,2428.542,303.486,3003.346,758.797,1638.275,80.5738,1.1215,-0.367
31/03/2019,8754.489,2378.031,301.411,2986.389,758.84,1643.37,81.0872,1.1217,-0.367
28/02/2019,8635.203,2357.784,297.331,2914.16,745.279,1611.569,81.3904,1.137,-0.368
31/01/2019,8379.029,2352.28,295.326,2903.719,748.132,1616.054,80.7252,1.1444,-0.368
31/12/2018,7771.71,2162.749,292.246,2844.184,740.127,1608.543,76.7154,1.1469,-0.363
30/11/2018,8407.845,2220.226,291.672,2802.121,733.24,1573.614,82.5607,1.1315,-0.368
31/10/2018,8309.11,2132.205,293.516,2807.476,728.947,1559.573,83.1903,1.131,-0.369
30/09/2018,8965.288,2335.379,293.947,2845.304,729.206,1567.627,85.201,1.1608,-0.371
31/08/2018,8911.933,2347.057,294.796,2855.217,730.168,1583.322,83.736,1.1599,-0.369
31/07/2018,8798.941,2411.556,294.712,2839.771,734.443,1571.052,85.3947,1.1691,-0.369
30/06/2018,8530.354,2357.686,293.912,2818.577,736.713,1578.104,87.4095,1.1683,-0.37
31/05/2018,8531.327,2458.184,293.99,2834.179,731.14,1577.751,90.7159,1.169,-0.369
30/04/2018,8470.213,2547.855,294.693,2821.48,740.528,1563.551,89.593,1.2077,-0.371
31/03/2018,8368.879,2558.701,294.585,2845.715,743.277,1576.526,87.4729,1.2321,-0.372
28/02/2018,8549.699,2606.495,294.81,2839.609,731.564,1561.104,88.1409,1.2193,-0.37
31/01/2018,8915.278,2732.109,294.829,2882.748,730.25,1573.497,89.8001,1.242,-0.369
31/12/2017,8466.345,2521.743,295.576,2909.334,732.719,1595.576,88.1674,1.1996,-0.368
30/11/2017,8350.802,2433.136,296.472,2885.035,739.077,1590.269,85.7033,1.1902,-0.371
31/10/2017,8169.601,2428.129,296.871,2889.091,736.645,1592.2,86.1882,1.1644,-0.372
30/09/2017,8016.091,2345.749,293.772,2877.175,728.773,1593.844,84.4599,1.1812,-0.372
31/08/2017,7837.108,2354.577,294.378,2884.06,732.173,1608.093,84.6565,1.1908,-0.373
31/07/2017,7822.147,2302.362,292.71,2859.839,726.192,1590.114,84.3915,1.184,-0.37
30/06/2017,7637.015,2171.195,290.5,2838.626,724.454,1587.7,82.6017,1.1423,-0.373
31/05/2017,7604.861,2148.112,292.051,2831.677,728.324,1590.085,82.8292,1.1241,-0.374
30/04/2017,7440.26,2086.005,290.912,2799.14,724.303,1579.5,84.0128,1.0895,-0.374
31/03/2017,7328.135,2040.902,289.362,2771.491,720.528,1568.515,85.3508,1.0649,-0.373
28/02/2017,7245.763,1990.165,290.329,2774.906,724.767,1569.436,87.7388,1.0575,-0.371
31/01/2017,7046.796,1930.908,286.954,2743.871,716.501,1561.362,87.5922,1.0795,-0.372
31/12/2016,6879.162,1830.638,288.63,2732.664,731.862,1557.844,87.5144,1.0513,-0.368
30/11/2016,6716.017,1825.345,286.938,2715.674,726.483,1559.632,86.0015,1.0585,-0.372
31/10/2016,6617.258,1913.299,289.965,2790.434,737.986,1603.42,84.9011,1.0979,-0.372
30/09/2016,6746.077,1908.581,292.312,2813.724,754.345,1622.095,85.342,1.1238,-0.371
31/08/2016,6707.42,1883.798,292.586,2821.851,753.012,1625.083,82.7727,1.1156,-0.372
31/07/2016,6698.466,1837.521,291.74,2814.136,754.947,1634.443,84.2809,1.117,-0.371
30/06/2016,6425.28,1748.524,286.924,2773.909,748.722,1627.533,88.8423,1.1104,-0.364
31/05/2016,6494.943,1679.738,284.01,2714.741,732.117,1590.559,85.3383,1.1129,-0.349
30/04/2016,6452.777,1744.466,283.128,2716.505,724.472,1589.963,85.5205,1.1454,-0.344
31/03/2016,6348.295,1734.692,282.222,2680.049,732.801,1591.874,78.8272,1.1378,-0.334
29/02/2016,5940.8,1531.634,278.475,2609.23,729.291,1589.664,75.9463,1.0871,-0.265
31/01/2016,5981.674,1533.975,277.167,2590.2,722.264,1574.173,77.2234,1.0834,-0.229
31/12/2015,6360.575,1640.296,275.536,2578.886,708.355,1540.289,78.5588,1.086,-0.205
30/11/2015,6471.717,1676.723,277.811,2601.444,715.936,1542.709,81.0781,1.0563,-0.161
31/10/2015,6500.91,1744.66,275.913,2607.28,712.883,1549.255,87.4289,1.1005,-0.119
30/09/2015,6021.954,1628.39,272.237,2593.379,705.528,1554.798,87.8214,1.1176,-0.113
31/08/2015,6249.646,1678.28,274.041,2579.858,696.241,1540.967,90.9328,1.1211,-0.098
31/07/2015,6689.576,1844.464,276.138,2597.284,703.501,1540.089,91.7827,1.0987,-0.075
30/06/2015,6569.466,1980.535,272.826,2583.362,687.647,1525.757,102.6892,1.1135,-0.064
31/05/2015,6723.06,2031.755,278.123,2626.123,705.799,1540.92,100.9465,1.0987,-0.059
30/04/2015,6694.314,2116.086,279.372,2639.756,716.752,1544.722,103.7471,1.1222,-0.04
31/03/2015,6537.619,1964.494,280.751,2653.933,727.175,1554.331,98.123,1.073,-0.015
28/02/2015,6637.222,1992.428,280.896,2643.212,718.235,1544.063,103.4379,1.1193,-0.005
31/01/2015,6266.934,1932.363,279.119,2666.359,712.526,1571.538,100.8413,1.1286,0.001
31/12/2014,6381.054,1920.693,276.732,2595.279,696.946,1527.596,104.3285,1.2097,0.018
30/11/2014,6482.9,2012.492,275.471,2598.328,689.383,1523.468,112.9451,1.245,0.02
31/10/2014,6352.598,2033.883,274.095,2582.518,680.185,1509.738,117.7365,1.2524,0.01
30/09/2014,6310.268,2009.951,272.858,2558.64,678.271,1493.524,118.6922,1.2631,0.007
31/08/2014,6483.486,2170.375,272.305,2590.554,677.71,1502.853,126.5745,1.3132,0.067
31/07/2014,6341.152,2121.713,269.235,2554.401,665.061,1484.958,127.9143,1.3388,0.098
30/06/2014,6442.501,2079.79,268.051,2557.408,659.321,1487.183,134.6268,1.3691,0.099
31/05/2014,6326.601,2025.07,266.342,2553.094,652.09,1489.415,133.8324,1.363,0.251
30/04/2014,6198.798,1956.339,263.898,2514.677,645.66,1473.435,137.7964,1.3866,0.261
31/03/2014,6132.592,1949.083,261.642,2485.695,639.797,1464.293,134.5234,1.377,0.237
28/02/2014,6120.254,1890.624,260.508,2483.928,633.917,1468.431,133.9783,1.3802,0.218
31/01/2014,5825.527,1829.631,259.113,2456.967,629.501,1463.863,126.1206,1.3485,0.23
31/12/2013,6048.181,1956.224,255.631,2413.9,615.908,1440.854,125.7515,1.3745,0.216
30/11/2013,5920.683,1984.758,256.729,2417.95,619.59,1455.895,124.2192,1.3589,0.166
31/10/2013,5814.649,2014.051,256.072,2425.222,617.355,1462.234,125.2281,1.3582,0.13
30/09/2013,5594.336,1920.464,253.24,2389.456,608.71,1454.264,127.1103,1.3524,0.128
31/08/2013,5325.887,1802.664,251.577,2369.897,604.626,1443.151,130.4445,1.322,0.129
31/07/2013,5439.347,1833.432,252.104,2385.886,607.582,1451.063,126.1571,1.33,0.131
30/06/2013,5165.877,1813.503,250.004,2367.805,602.938,1453.708,124.4663,1.3008,0.123
31/05/2013,5294.215,1935.82,254.055,2435.607,612.134,1472.37,130.6295,1.2995,0.113
30/04/2013,5287.524,1985.833,254.672,2492.463,620.248,1502.646,133.6316,1.3166,0.116
31/03/2013,5122.563,1970.211,251.266,2450.802,604.664,1486.986,137.4762,1.2818,0.117
28/02/2013,5002.799,2004.298,250.013,2449.183,600.634,1485.391,136.5666,1.3056,0.118
31/01/2013,4992.061,2029.504,246.755,2431.985,599.151,1476.623,142.3956,1.3578,0.121
31/12/2012,4748.699,2001.596,249.664,2449.563,602.249,1490.788,139.0707,1.3194,0.109
30/11/2012,4658.581,1908.071,247.524,2450.039,598.051,1498.192,142.8028,1.2984,0.113
31/10/2012,4597.231,1884.013,245.338,2452.053,589.25,1489.622,142.7416,1.2958,0.11
30/09/2012,4627.184,1895.316,242.795,2420.196,584.812,1492.206,148.5061,1.2858,0.115
31/08/2012,4501.501,1787.124,241.103,2402.451,577.427,1497.357,146.0275,1.2575,0.121
31/07/2012,4388.036,1792.304,238.525,2392.885,572.865,1499.378,144.169,1.2303,0.149
30/06/2012,4331.155,1756.77,233.106,2327.546,563.294,1483.549,135.4213,1.2658,0.373
31/05/2012,4119.206,1690.722,233.681,2315.989,568.738,1489.169,128.3789,1.2356,0.386
30/04/2012,4503.68,1903.164,233.18,2302.664,561.68,1462.37,141.2917,1.324,0.4
31/03/2012,4552.202,1925.642,232.642,2273.646,562.325,1440.398,141.9021,1.3343,0.419
29/02/2012,4491.979,1991.911,230.545,2287.149,562.05,1455.422,148.0367,1.3324,0.564
31/01/2012,4280.521,1879.011,226.627,2267.897,551.931,1465.818,144.1561,1.3078,0.713
31/12/2011,4074.834,1687.3,220.858,2219.422,541.767,1459.137,140.6802,1.2945,1.024
30/11/2011,4075.56,1707.719,215.756,2177.509,520.742,1445.568,146.1596,1.3441,1.21
31/10/2011,4175.103,1829.553,221.685,2218.918,534.164,1435.087,149.4779,1.3856,1.367
30/09/2011,3782.757,1615.419,218.159,2180.663,544.889,1446.07,140.2016,1.3384,1.356
31/08/2011,4138.562,1890.763,220.139,2183.582,540.553,1423.264,164.4327,1.4377,1.351
31/07/2011,4450.249,2075.475,222.338,2181.036,524.574,1384.265,162.8146,1.4395,1.433
30/06/2011,4531.208,2083.31,219.872,2132.413,524.811,1359.649,158.1349,1.4504,1.325
31/05/2011,4602.241,2114.956,220.731,2150.32,526.864,1363.836,166.5416,1.4394,1.228
30/04/2011,4694.884,2171.038,218.249,2119.669,521.458,1342.518,175.4211,1.4799,1.237
31/03/2011,4500.825,2105.275,216.303,2084.574,518.665,1327.31,169.5579,1.4165,0.968
28/02/2011,4543.546,1988.074,217.116,2084,521.972,1328.065,166.1437,1.3801,0.867
31/01/2011,4387.97,2006.489,215.439,2074.452,521.197,1331.42,163.9999,1.3685,0.895
31/12/2010,4290.045,2062.042,216.572,2064.446,524.321,1329.111,162.3929,1.3377,0.782
30/11/2010,3994.994,1924.485,217.378,2084.212,526.726,1353.814,146.7299,1.2977,0.81
31/10/2010,4081.186,1976.583,219.881,2101.884,541.043,1362.893,147.2686,1.3947,0.847
30/09/2010,3933.681,1920.647,220.467,2097.125,543.616,1365.522,140.2939,1.363,0.625
31/08/2010,3596.902,1728.343,220.955,2085.473,550.343,1365.504,130.8135,1.2685,0.622
31/07/2010,3734.816,1761.969,216.655,2040.77,536.179,1337.999,134.2481,1.3045,0.645
30/06/2010,3453.891,1625.457,214.512,1999.869,531.136,1329.124,125.7471,1.2234,0.485
31/05/2010,3575.137,1637.2,213.631,1958.945,534.785,1304.398,125.3626,1.2305,0.429
30/04/2010,3949.718,1794.242,214.346,1963.514,525.757,1278.653,134.7037,1.3295,0.413
31/03/2010,3946.96,1772.373,213.322,1936.763,530.434,1266.693,132.1517,1.351,0.397
28/02/2010,3714.83,1639.853,211.234,1928.868,527.36,1279.917,133.8318,1.3625,0.416
31/01/2010,3661.752,1633.76,209.97,1922.561,521.256,1274.888,129.0506,1.3862,0.426
31/12/2009,3818.859,1729.963,206.637,1890.059,518.783,1258.728,139.1873,1.4316,0.453
30/11/2009,3750.306,1664.043,206.748,1904.089,523.495,1289.318,136.4934,1.5007,0.472
31/10/2009,3601.322,1595.43,204.904,1877.488,520.026,1271.255,131.8621,1.4715,0.422
30/09/2009,3665.756,1593.312,203.235,1865.218,520.071,1272.004,127.683,1.4635,0.438
31/08/2009,3524.075,1460.503,200.414,1825.739,516.426,1262.178,125.719,1.4329,0.483
31/07/2009,3383.009,1465.355,198.142,1787.088,514.024,1250.555,126.475,1.4247,0.532
30/06/2009,3117.982,1316.389,191.909,1719.217,504.9,1245.548,122.536,1.4033,0.751
31/05/2009,3130.786,1334.095,187.913,1668.279,498.65,1247.763,124.932,1.4151,0.935
30/04/2009,2867.372,1138.841,183.823,1599.245,504.722,1260.728,110.571,1.3226,0.944
31/03/2009,2575.816,976.236,179.057,1551.403,501.764,1285.127,109.782,1.325,1.121
28/02/2009,2393.874,853.468,179.527,1553.743,495.72,1256.58,105.988,1.2668,1.53
31/01/2009,2664.847,904.332,180.156,1579.189,491.655,1263.449,110.93,1.278,1.745
31/12/2008,2919.783,966.344,179.819,1573.977,497.098,1303.753,117.244,1.3978,2.603
30/11/2008,2827.608,896.199,178.537,1491.163,491.655,1259.124,122.753,1.2695,3.574
31/10/2008,3021.074,969.08,175.869,1435.486,473.509,1194.87,131.972,1.273,4.434
30/09/2008,3726.688,1333.962,179.352,1549.89,469.51,1196.613,167.776,1.4102,5.05
31/08/2008,4227.712,1616.719,187.062,1672.617,466.837,1188.829,189.889,1.4672,4.511
31/07/2008,4285.969,1756.441,185.408,1660.958,461.537,1174.033,205.103,1.56,4.479
30/06/2008,4392.172,1823.792,183.269,1675.385,451.589,1169.368,233.034,1.5755,4.44
31/05/2008,4770.993,2025.589,185.629,1681.84,456.857,1159.691,213.947,1.5552,4.464
30/04/2008,4693.577,1988.128,186.845,1697.287,462.828,1173.835,208.552,1.5616,4.39
31/03/2008,4455.804,1838.62,185.654,1687.63,465.733,1194.075,201.598,1.5772,4.358
29/02/2008,4496.694,1941.17,188.704,1710.334,468.805,1185.478,215.521,1.5179,4.2
31/01/2008,4520.672,1807.125,188.639,1709.097,466.096,1172.726,192.286,1.4865,4.19
31/12/2007,4893.542,2064.109,185.92,1689.135,455.496,1143.869,184.964,1.4589,4.288
30/11/2007,4956.048,2056.724,186.661,1690.081,456.952,1142.482,177.247,1.4631,4.822
31/10/2007,5164.824,2213.537,187.398,1675.352,453.911,1108.783,183.524,1.448,4.155
30/09/2007,5010.068,1991.31,185.908,1657.337,450.507,1100.142,178.25,1.4271,4.405
31/08/2007,4781.074,1793.133,186.11,1648.098,450.49,1094.273,165.566,1.3628,4.459
31/07/2007,4782.624,1831.455,185.418,1632.028,446.378,1077.293,172.446,1.3672,4.104
30/06/2007,4889.921,1738.809,184.692,1627.382,440.005,1059.7,169.671,1.3541,4.115
31/05/2007,4926.19,1660.277,185.449,1635.237,442.653,1060.255,172.723,1.3451,4.03
30/04/2007,4787.317,1582.967,186.861,1651.59,447.595,1069.555,173.215,1.3645,3.861
31/03/2007,4582.512,1511.062,186.94,1639.464,448.339,1063.966,171.963,1.3355,3.864
28/02/2007,4498.258,1452.863,187.333,1647.487,450.326,1064.564,171.013,1.3233,3.75
31/01/2007,4519.915,1461.328,185.479,1614.715,445.579,1047.29,166.094,1.3033,3.613
31/12/2006,4466.298,1476.239,185.518,1614.188,447.087,1048.891,166.509,1.3196,3.633
30/11/2006,4376.153,1412.502,187.081,1628.821,453.091,1057.573,175.214,1.324,3.574
31/10/2006,4269.391,1314.597,186.023,1606.073,450.762,1046.699,166.817,1.2761,3.383
30/09/2006,4117.429,1254.925,185.337,1592.341,449.407,1041.369,159.957,1.2671,3.272
31/08/2006,4067.754,1244.464,184.688,1575.225,446.657,1031.907,170.876,1.2806,3.094
31/07/2006,3962.861,1212.953,182.868,1546.303,441.402,1017.011,178.032,1.2762,3.03
30/06/2006,3937.433,1195.374,180.945,1523.722,436.616,1004.8,173.235,1.2786,2.897
31/05/2006,3936.964,1197.914,181.793,1522.578,437.877,1001.641,176.679,1.281,2.792
30/04/2006,4072.426,1337.8,181.22,1523.803,436.329,1001.107,175.767,1.2634,2.666
31/03/2006,3950.381,1248.69,181.861,1529.878,440.171,1005.254,165.194,1.2117,2.647
28/02/2006,3863.679,1237.596,183.842,1549.401,446.473,1015.777,162.234,1.1919,2.589
31/01/2006,3867.814,1238.782,183.718,1543.261,445.893,1014.164,173.669,1.2154,2.387
31/12/2005,3701.795,1113.707,184.439,1546.511,449.172,1016.984,171.149,1.184,2.401
30/11/2005,3620.657,1051.423,183.633,1531.356,444.458,1006.749,166.402,1.1787,2.389
31/10/2005,3502.063,971.025,183.807,1523.186,444.894,1001.972,166.516,1.1987,2.125
30/09/2005,3588.41,1038.902,185.674,1539.022,449.724,1009.655,178.249,1.2029,2.122
31/08/2005,3496.581,950.291,185.776,1563.76,450.127,1023.112,170.816,1.2343,2.112
31/07/2005,3468.823,941.813,184.278,1538.688,445.558,1007.14,159.33,1.213,2.112
30/06/2005,3351.019,879.576,184.527,1554.793,447.843,1020.684,152.885,1.21,2.104
31/05/2005,3320.818,850.227,182.525,1542.358,442.721,1014.482,150.727,1.2309,2.105
30/04/2005,3260.39,821.31,180.951,1523.578,437.871,1002.289,152.294,1.2871,2.104
31/03/2005,3330.921,843.8,178.969,1502.667,431.419,985.285,162.094,1.2961,2.105
28/02/2005,3395.133,903.311,178.885,1519.026,429.145,988.53,156.851,1.3235,2.104
31/01/2005,3289.439,830.395,179.247,1528.869,431.532,996.367,146.821,1.3032,2.107
31/12/2004,3364.558,827.775,177.274,1516.602,426.185,989.211,145.604,1.3558,2.128
30/11/2004,3239.895,789.755,176.436,1495.404,423.16,979.636,153.406,1.3291,2.174
31/10/2004,3076.904,722.805,174.671,1511.107,418.574,992.795,155.549,1.278,2.092
30/09/2004,3002.696,705.894,173.248,1495.986,414.428,985.175,153.175,1.2431,2.08
31/08/2004,2946.022,667.35,172.414,1488.208,412.774,982.796,143.556,1.2185,2.076
31/07/2004,2931.964,640.537,169.999,1454.105,407.135,963.085,146.414,1.2017,2.076
30/06/2004,3030.093,652.067,168.467,1436.747,403.58,954.211,144.034,1.2185,2.075
31/05/2004,2967.884,649.102,168.095,1429.798,402.448,950.381,150.436,1.2184,2.063
30/04/2004,2939.076,662.143,168.416,1439.999,403.311,953.543,148.046,1.1979,2.056
31/03/2004,2998.83,721.098,169.596,1486.182,407.33,984.56,150.837,1.2313,2.024
29/02/2004,3017.675,711.95,167.987,1471.096,403.582,975.426,146.45,1.2488,2.053
31/01/2004,2966.932,680.556,165.635,1454.19,397.934,963.747,137.62,1.2466,2.074
31/12/2003,2919.442,657.215,164.783,1438.698,395.803,955.776,135.27,1.2586,2.101
30/11/2003,2746.464,612.79,163.131,1420.221,390.629,947.455,126.087,1.1992,2.154
31/10/2003,2704.634,605.351,163.118,1413.333,392.092,946.187,126.57,1.1582,2.095
30/09/2003,2552.643,557.877,164.642,1429.393,397.244,960.471,120.9,1.1658,2.111
31/08/2003,2536.553,553.817,162.106,1380.128,391.217,932.691,120.9,1.0977,2.133
31/07/2003,2482.328,518.983,161.957,1369.383,390.6,927.581,116.4,1.1228,2.118
30/06/2003,2432.475,488.396,163.32,1429.735,396.789,968.626,115.79,1.1509,2.156
31/05/2003,2390.22,462.061,162.841,1432.087,396.717,974.513,118.82,1.1784,2.386
30/04/2003,2259.956,431.119,159.378,1387.847,388.302,948.134,112.36,1.1181,2.574
31/03/2003,2074.666,395.859,157.96,1361.955,387.665,943.77,113.17,1.0921,2.572
28/02/2003,2080.382,407.411,158.134,1360.724,388.97,947.604,122.53,1.0796,2.651
31/01/2003,2116.624,418.712,156.444,1332.918,384.773,931.784,118.64,1.0767,2.833
31/12/2002,2174.761,420.543,154.767,1328.318,380.523,934.678,110.28,1.0496,2.898
30/11/2002,2293.254,431.595,151.86,1288.406,372.933,911.71,105.25,0.9943,3.183
31/10/2002,2175.475,406.982,149.988,1270.855,370.682,920.387,105.05,0.9905,3.297
30/09/2002,2025.606,382.183,151.072,1287.292,372.926,930.389,106.29,0.9865,3.319
31/08/2002,2275.335,424.909,148.884,1262.821,365.576,906.425,102.61,0.9818,3.337
31/07/2002,2270.613,421.903,146.794,1230.309,360.944,887.919,98.83,0.9771,3.345
30/06/2002,2479.285,447.904,145.602,1229.636,355.689,867.648,99.52,0.9915,3.392
31/05/2002,2638.855,493.669,144.348,1229.489,349.667,855.782,97.76,0.9334,3.388
30/04/2002,2632.752,501.662,144.001,1213.841,348.979,850.721,99.43,0.9,3.333
31/03/2002,2729.497,498.475,142.792,1198.302,345.211,830.904,99.59,0.8715,3.362
28/02/2002,2608.413,470.147,143.567,1221.066,348.894,851.32,90.48,0.8684,3.342
31/01/2002,2630.77,462.548,143.273,1211.934,348.171,843.33,88.31,0.8582,3.353
31/12/2001,2712.658,447.387,142.704,1205.697,346.647,837.774,89.03,0.8904,3.33
30/11/2001,2681.297,412.585,143.923,1212.844,350.911,846.038,90.96,0.8962,3.425
31/10/2001,2544.471,375.304,144.07,1222.866,352.736,866.609,90.407,0.8995,3.642
30/09/2001,2496.401,347.926,141.216,1196.591,344.218,844.188,95.107,0.9114,3.727
31/08/2001,2737.232738,420.797,141.354,1193.298,341.623,830.008,102.225,0.9122,4.315
31/07/2001,2874.656129,422.249533,139.932,1180.492,338.206,820.308,102.57,0.8761,4.514
30/06/2001,2913.015779,450.731826,138.025,1148.331,333.156,800.323,101.571,0.8498,4.523
31/05/2001,3006.795751,460.178184,136.835,1143.166,330.566,796.622,106.091,0.8456,4.574
30/04/2001,3044.611002,454.749593,135.958,1131.603,329.792,793.696,108.708,0.888,4.822
31/03/2001,2834.396792,433.337525,137.019,1137.563,333.91,803.267,105.372,0.8774,4.698
28/02/2001,3033.040276,480.536176,135.817,1128.81,331.328,800.371,110.479,0.923,4.808
31/01/2001,3312.625898,521.358818,135.122,1117.842,329.738,791.078,111.374,0.9362,4.789
31/12/2000,3249.513038,458.257041,133.556,1089.132,327.441,784.852,114.613,0.9422,4.857
30/11/2000,3198.647437,447.462582,131.588,1068.238,322.838,770.242,111.59,0.8722,5.031
31/10/2000,3405.299737,490.372662,130.072,1053.243,318.139,754.853,103.82,0.849,4.957
30/09/2000,3464.49327,528.719816,129.688,1053.796,316.677,747.585,106.975,0.8837,4.791
31/08/2000,3659.163424,579.331569,128.432,1045.581,314.393,746.954,108.17,0.8886,4.741
31/07/2000,3542.467903,576.837821,128.38,1032.214,314.37,736.185,99.004,0.9259,4.417
30/06/2000,3645.845289,608.22902,127.931,1020.148,313.154,729.147,104.764,0.9523,4.417
31/05/2000,3526.456578,588.344434,127.375,995.336,311.738,716.874,102.843,0.9377,4.253
30/04/2000,3614.228888,613.938469,127.645,1000.92,311.044,715.869,96.882,0.912,3.933
31/03/2000,3772.658992,678.00963,127.814,1013.444,311.138,717.686,98.524,0.956,3.692
29/02/2000,3526.214337,674.129714,126.156,1002.327,306.37,704.072,98.063,0.9646,3.458
31/01/2000,3516.599208,665.097243,125.401,994.625,304.49,693.764,96.815,0.9693,3.306
31/12/1999,3731.987352,661.327641,126.116,997.971,305.416,692.279,92.273,1.007,3.171
30/11/1999,3453.111813,586.478341,126.492,1001.561,307.124,696.539,90.088,1.0089,3.506
31/10/1999,3358.70994,538.160883,125.762,1000.177,305.363,697.71,88.423,1.0548,2.862
30/09/1999,3194.332608,526.97976,126.092,997.078,305.748,696.812,92.435,1.0682,2.584
31/08/1999,3225.044439,545.595841,126.587,985.897,306.93,691.424,88.211,1.0562,2.605
31/07/1999,3229.584756,540.459541,126.878,988.438,307.318,691.335,83.728,1.0705,2.633
30/06/1999,3240.194807,555.816264,128.593,994.25,310.37,692.072,82.599,1.0352,2.636
31/05/1999,3093.919441,499.182122,130.766,999.178,315.832,693.484,78.558,1.042,2.566
30/04/1999,3207.631148,501.828168,131.49,1013.847,318.517,700.206,83.997,1.0565,2.568
31/03/1999,3085.7245,446.516244,129.982,1010.344,315.052,698.046,81.023,1.0765,2.992
28/02/1999,2959.199746,394.237667,129.23,1001.244,313.113,694.662,74.241,1.1023,3.12
31/01/1999,3040.500456,390.412853,130.314,1027.553,317.596,713.458,77.189,1.1363,3.119
31/12/1998,2977.15,396.357961,128.556,1017.157,313.257,709.187,77.803,1.1721,3.254
30/11/1998,2838.07,402.7,127.399,1011.138,309.913,707.827,80.845,1.1597,3.7007
31/10/1998,2678.37,371.78,126.032,995.784,305.56,707.798,87.457,1.1882,3.5057
30/09/1998,2455.93,336.36,126.333,1007.409,306.591,710.075,90.447,1.179,3.4907
31/08/1998,2412.84,316.29,124.577,977.06,301.727,691.068,84.267,1.1297,3.4543
31/07/1998,2783.64,444.94,122.491,975.67,296.008,672.662,90.354,1.109,3.4707
30/06/1998,2787.71,431.27,121.525,976.465,293.517,671.599,96.561,1.0947,3.5
31/05/1998,2722.7,481.81,120.671,968.118,291.384,663.853,99.122,1.1024,3.4893
30/04/1998,2756.85,558.32,119.389,956.027,288.428,657.073,104.683,1.1015,3.578
31/03/1998,2729.76,564.47,119.397,951.167,288.44,654.447,106.516,1.0765,3.548
28/02/1998,2618.78,541,118.906,946.468,286.743,652.427,106.689,1.0879,3.482
31/01/1998,2452.49,489.87,118.01,947.913,284.375,654.327,111.926,1.0775,3.4767
31/12/1997,2385.63,531.55,116.03,935.573,279.854,644.518,111.984,1.0986,3.5433
30/11/1997,2356.54,519.05,114.786,925.839,276.585,637.627,117.199,1.1225,3.7587
31/10/1997,2315.2,538.7,114.04,923.058,273.415,634.334,122.535,1.1425,3.5267
30/09/1997,2443.43,644.45,114.51,910.162,273.66,623.613,122.569,1.112,3.2067
31/08/1997,2317.18,627.07,113.743,893.86,269.757,614.095,121.756,1.0873,3.2139
31/07/1997,2482.91,718.5,114.098,907.261,270.45,620.539,122.387,1.0728,3.1373
30/06/1997,2373.25,707.94,113.442,874.889,267.964,603.312,119.057,1.1262,3.0913
31/05/1997,2260.16,671.97,111.904,861.686,263.436,596.636,126.856,1.1405,3.1473
30/04/1997,2128.4,653.28,111.597,853.865,262.403,591.641,125.546,1.125,3.1872
31/03/1997,2060.69,652.12,110.895,840.276,259.405,583.244,125.105,1.1656,3.2493
28/02/1997,2101.9,669.72,111.624,850.912,261.689,588.989,123.091,1.1463,3.2548
31/01/1997,2077.65,642.21,110.5,848.743,260.691,588.668,122.291,1.1791,3.1493
31/12/1996,2052.56,601.2,109.296,847.544,257.605,587.965,122.044,1.2533,3.1484
,,,,,,,,,
,,,,,,,,,
,,,,,,,,,
,,,,,,,,,
,,,,,,,,,
,,,,,,,,,
,,,,,,,,,
,,,,,,,,,
,,,,,,,,,
,,,,,,,,,
,,,,,,,,,
,,,,,,,,,
,,,,,,,,,
,,,,,,,,,
,,,,,,,,,
,,,,,,,,,
,,,,,,,,,
,,,,,,,,,
,,,,,,,,,
,,,,,,,,,
,,,,,,,,,
,,,,,,,,,
,,,,,,,,,
,,,,,,,,,
,,,,,,,,,
,,,,,,,,,
,,,,,,,,,
,,,,,,,,,
,,,,,,,,,
,,,,,,,,,
,,,,,,,,,
,,,,,,,,,
,,,,,,,,,
,,,,,,,,,
,,,,,,,,,
,,,,,,,,,
,,,,,,,,,
,,,,,,,,,
,,,,,,,,,
,,,,,,,,,
,,,,,,,,,
,,,,,,,,,
,,,,,,,,,
,,,,,,,,,
,,,,,,,,,
,,,,,,,,,
,,,,,,,,,
,,,,,,,,,
,,,,,,,,,
,,,,,,,,,
,,,,,,,,,
,,,,,,,,,
,,,,,,,,,
,,,,,,,,,
,,,,,,,,,
,,,,,,,,,
,,,,,,,,,
,,,,,,,,,
,,,,,,,,,
,,,,,,,,,
,,,,,,,,,
,,,,,,,,,
,,,,,,,,,
,,,,,,,,,
,,,,,,,,,
,,,,,,,,,
,,,,,,,,,
,,,,,,,,,
,,,,,,,,,
,,,,,,,,,
,,,,,,,,,
,,,,,,,,,
,,,,,,,,,
,,,,,,,,,
,,,,,,,,,
,,,,,,,,,
,,,,,,,,,
,,,,,,,,,
,,,,,,,,,
,,,,,,,,,
,,,,,,,,,
,,,,,,,,,
,,,,,,,,,
